user,gender,age,score,num_relations,relation_credibility_index,misinformation_rate,previous_info_shared,next_shared_info_prediction
1,M,18,0.025925589,5,0.3125,0.040508733,1,1
2,M,32,0.623811874,9,0.45,2.52643809,1,0
3,F,20,0.668526147,2,0.105263158,0.140742347,1,0
4,F,27,0.917906625,12,0.631578947,6.956766004,1,1
5,M,33,0.204779783,12,0.631578947,1.552015199,0,1
6,F,31,0.38406271,13,0.684210526,3.416136737,0,0
7,F,30,0.602462989,4,0.2,0.481970391,0,1
8,F,33,0.79936138,9,0.45,3.237413591,1,0
9,F,23,0.29372333,13,0.65,2.481962139,1,1
10,F,33,0.993550067,4,0.222222222,0.883155615,1,1
11,F,32,0.071044938,10,0.526315789,0.373920727,1,1
12,F,35,0.274839885,11,0.733333333,2.21704174,0,0
13,F,18,0.814993319,1,0.052631579,0.042894385,0,0
14,F,26,0.913347844,14,0.7,8.950808869,1,1
15,F,23,0.115901088,12,0.631578947,0.878408247,0,0
16,M,28,0.896244865,4,0.222222222,0.796662102,0,0
17,M,25,0.689723666,10,0.526315789,3.63012456,1,0
18,M,25,0.32875893,5,0.3125,0.513685828,1,1
19,F,31,0.182826047,10,0.5,0.914130237,1,1
20,F,21,0.254121168,8,0.5,1.01648467,1,1
21,F,18,0.841577893,15,1,12.6236684,1,0
22,F,22,0.481121802,1,0.055555556,0.026728989,1,0
23,M,33,0.174075753,7,0.411764706,0.501747758,1,1
24,F,33,0.302007956,7,0.368421053,0.778862623,0,1
25,M,33,0.906541066,6,0.315789474,1.717656756,0,0
26,F,26,0.475936111,6,0.4,1.142246665,0,0
27,F,26,0.67393211,2,0.117647059,0.158572261,1,1
28,M,19,0.141688335,4,0.210526316,0.119316493,1,0
29,M,34,0.832180285,4,0.235294118,0.783228504,0,0
30,F,25,0.149158804,12,0.631578947,1.130466722,1,0
31,F,35,0.299549957,6,0.375,0.673987404,1,0
32,F,33,0.423832234,11,0.647058824,3.016688257,0,1
33,F,22,0.140277985,5,0.277777778,0.194830535,0,0
34,M,35,0.95975482,9,0.529411765,4.572949436,1,0
35,M,31,0.304617378,8,0.470588235,1.146794835,0,1
36,M,21,0.123732553,7,0.35,0.303144754,1,1
37,M,33,0.389694738,14,0.823529412,4.492951096,1,1
38,M,21,0.408616138,6,0.333333333,0.817232275,0,0
39,M,35,0.115754959,7,0.466666667,0.378132866,0,1
40,F,20,0.999116621,13,0.65,8.442535443,0,0
41,M,30,0.635383774,12,0.666666667,5.083070191,0,0
42,F,34,0.494022976,10,0.555555556,2.744572086,1,0
43,F,35,0.408662402,4,0.25,0.408662402,1,1
44,F,18,0.13114381,4,0.222222222,0.116572275,1,0
45,M,34,0.046469334,3,0.1875,0.026139,0,0
46,F,28,0.590398078,14,0.777777778,6.428779074,1,1
47,M,18,0.823010055,5,0.263157895,1.082907967,1,1
48,F,24,0.444911388,1,0.05,0.022245569,1,0
49,F,21,0.944648873,1,0.0625,0.059040555,0,1
50,F,26,0.658952013,7,0.4375,2.018040539,0,0
51,M,19,0.483041822,10,0.526315789,2.542325381,0,1
52,F,29,0.536847697,13,0.8125,5.670453803,0,1
53,M,21,0.080792995,9,0.6,0.436282171,0,1
54,F,32,0.616911876,8,0.421052632,2.078018951,1,1
55,M,32,0.648786237,1,0.0625,0.04054914,0,1
56,M,26,0.806176947,7,0.388888889,2.194592799,1,0
57,M,32,0.320936431,12,0.8,3.080989736,1,0
58,M,20,0.652017497,14,0.933333333,8.519695289,0,1
59,F,24,0.588985642,8,0.533333333,2.513005407,0,0
60,F,20,0.762218875,4,0.210526316,0.641868526,0,1
61,M,23,0.349495164,10,0.666666667,2.329967762,0,0
62,F,18,0.060996184,3,0.15,0.027448283,0,0
63,M,19,0.909020564,3,0.157894737,0.430588688,1,0
64,F,28,0.536762765,12,0.666666667,4.294102119,1,0
65,M,22,0.370416767,13,0.866666667,4.173362238,0,1
66,F,24,0.52688445,15,0.882352941,6.973470659,1,1
67,F,18,0.677558331,4,0.2,0.542046665,1,1
68,F,24,0.68113969,6,0.315789474,1.290580465,0,0
69,F,22,0.718590285,8,0.4,2.299488913,1,0
70,F,32,0.950288922,9,0.529411765,4.527847214,0,1
71,F,24,0.207350653,13,0.684210526,1.844329497,0,0
72,F,27,0.936508591,11,0.55,5.665876978,0,0
73,F,29,0.590424453,9,0.529411765,2.813198866,1,1
74,M,21,0.206561566,3,0.157894737,0.097844952,0,1
75,F,32,0.536873113,8,0.5,2.147492453,0,0
76,M,20,0.405684529,1,0.052631579,0.021351817,1,1
77,F,20,0.074364822,7,0.388888889,0.202437572,0,0
78,F,26,0.418287282,11,0.733333333,3.374184072,0,0
79,M,30,0.438099234,2,0.125,0.109524808,1,0
80,F,35,0.04631295,6,0.352941176,0.098074481,0,1
81,M,19,0.727375984,12,0.705882353,6.161302453,1,0
82,F,32,0.782194938,5,0.25,0.977743673,1,0
83,M,35,0.057212598,12,0.666666667,0.457700784,1,0
84,M,19,0.113810731,7,0.466666667,0.371781723,1,0
85,M,27,0.906308864,11,0.611111111,6.092409585,0,1
86,F,35,0.829834257,12,0.75,7.468508312,1,0
87,M,19,0.574755497,11,0.647058824,4.090906775,1,0
88,F,30,0.129956894,5,0.3125,0.203057646,0,0
89,M,22,0.599186322,7,0.411764706,1.727066459,1,0
90,F,28,0.538650748,13,0.722222222,5.057332026,0,1
91,M,21,0.049447371,2,0.125,0.012361843,1,1
92,M,32,0.1612166,7,0.388888889,0.43886741,0,0
93,F,34,0.06520081,9,0.6,0.352084376,1,1
94,F,34,0.513825441,5,0.333333333,0.856375735,0,0
95,F,33,0.266786674,15,0.9375,3.751687607,0,1
96,M,25,0.795209288,14,0.736842105,8.203211605,1,0
97,M,33,0.535525439,10,0.526315789,2.818554944,1,1
98,F,27,0.179011172,4,0.210526316,0.15074625,1,1
99,F,31,0.136338261,11,0.55,0.824846478,0,0
100,F,18,0.796179637,2,0.125,0.199044909,1,1
101,F,33,0.374214945,4,0.222222222,0.332635507,1,1
102,M,29,0.993277901,12,0.6,7.151600886,1,0
103,M,21,0.463363489,1,0.0625,0.028960218,0,1
104,M,30,0.45507426,5,0.3125,0.711053532,0,0
105,M,33,0.191814012,12,0.705882353,1.624777515,1,1
106,F,23,0.748481419,15,0.833333333,9.356017736,1,0
107,M,24,0.455048735,11,0.578947368,2.897941945,0,1
108,F,28,0.669772689,4,0.235294118,0.630374296,1,1
109,F,24,0.04632359,15,0.9375,0.651425485,0,0
110,F,21,0.012206746,9,0.529411765,0.058161553,1,0
111,F,31,0.874644898,10,0.588235294,5.144969986,1,1
112,F,28,0.441135358,5,0.277777778,0.612687997,0,1
113,F,32,0.032507536,11,0.647058824,0.231377167,1,0
114,M,23,0.689132335,1,0.05,0.034456617,0,0
115,M,35,0.69789179,11,0.55,4.222245331,1,1
116,F,21,0.90120076,5,0.294117647,1.325295236,1,0
117,M,18,0.39563501,14,0.823529412,4.561438936,0,1
118,F,32,0.42875154,15,0.75,4.823454821,0,0
119,M,29,0.896636391,6,0.4,2.151927338,0,1
120,M,31,0.821235354,2,0.111111111,0.182496745,0,1
121,F,20,0.074363131,2,0.111111111,0.01652514,0,1
122,F,19,0.506526808,12,0.75,4.558741274,1,1
123,M,26,0.594400657,2,0.111111111,0.132089035,1,0
124,F,22,0.213451468,9,0.529411765,1.017033465,1,1
125,F,20,0.776075583,11,0.6875,5.869071595,1,0
126,F,29,0.031675851,8,0.421052632,0.106697605,0,0
127,M,26,0.977093919,13,0.866666667,11.00859148,1,0
128,F,25,0.904556138,3,0.1875,0.508812828,1,1
129,M,34,0.963315619,15,0.789473684,11.40768496,1,0
130,F,35,0.093270784,5,0.263157895,0.122724716,1,1
131,F,33,0.030223778,9,0.45,0.1224063,1,1
132,M,23,0.324390946,6,0.3,0.583903703,0,0
133,F,31,0.769635352,7,0.368421053,1.984849065,0,0
134,F,21,0.48677019,6,0.352941176,1.030807461,1,1
135,F,25,0.84396335,12,0.8,8.102048162,1,0
136,F,28,0.507554333,7,0.4375,1.554385145,1,1
137,F,34,0.566270244,7,0.388888889,1.541513443,1,1
138,M,25,0.462738079,10,0.555555556,2.570767108,1,1
139,F,27,0.02129176,1,0.052631579,0.001120619,1,0
140,M,24,0.043754021,10,0.5,0.218770106,0,1
141,M,19,0.997380978,15,0.789473684,11.81109052,1,0
142,M,21,0.954159582,1,0.052631579,0.050218925,0,0
143,F,35,0.722770506,3,0.166666667,0.361385253,1,0
144,M,20,0.135739451,3,0.2,0.08144367,0,0
145,F,19,0.774574515,3,0.2,0.464744709,1,1
146,F,30,0.362574241,2,0.1,0.072514848,0,1
147,F,23,0.558570153,3,0.157894737,0.264585862,0,0
148,M,24,0.271465443,8,0.421052632,0.914409913,0,0
149,F,30,0.155907135,9,0.6,0.841898528,0,1
150,M,34,0.129641781,9,0.529411765,0.617704958,0,0
151,M,33,0.550256268,15,0.882352941,7.282803547,0,1
152,F,19,0.158934605,10,0.555555556,0.882970029,1,0
153,M,30,0.357339578,15,0.75,4.020070255,0,1
154,F,31,0.032634019,11,0.611111111,0.219373128,1,1
155,F,31,0.19045472,7,0.35,0.466614063,0,0
156,M,19,0.434812708,4,0.235294118,0.40923549,0,0
157,F,31,0.295397798,5,0.333333333,0.492329663,0,1
158,F,19,0.814683111,12,0.631578947,6.174440417,1,0
159,F,27,0.223666744,11,0.6875,1.691479754,0,1
160,F,23,0.489861111,4,0.235294118,0.461045751,1,1
161,M,21,0.129798718,14,0.777777778,1.413363819,0,1
162,F,20,0.451875001,9,0.5,2.033437506,1,1
163,M,32,0.894060636,15,0.75,10.05818215,0,1
164,M,23,0.386639916,6,0.315789474,0.732580894,1,0
165,M,32,0.465789863,13,0.65,3.935924345,0,0
166,M,23,0.591559978,10,0.625,3.697249862,1,0
167,F,26,0.084149818,2,0.117647059,0.019799957,1,0
168,F,18,0.360596328,9,0.5625,1.825518912,1,0
169,F,18,0.760989071,1,0.066666667,0.050732605,1,0
170,M,27,0.204217351,2,0.105263158,0.042993127,0,1
171,F,29,0.488119523,12,0.705882353,4.134659485,1,1
172,F,22,0.945514179,4,0.266666667,1.008548458,0,1
173,F,27,0.829877911,12,0.631578947,6.28960101,1,0
174,M,22,0.51516306,2,0.125,0.128790765,1,0
175,F,26,0.164902468,1,0.05,0.008245123,0,1
176,M,27,0.275633627,12,0.705882353,2.33477896,1,1
177,M,19,0.077208831,5,0.25,0.096511038,0,1
178,F,22,0.543806695,1,0.055555556,0.030211483,0,0
179,F,20,0.622084827,10,0.625,3.888030166,1,0
180,F,19,0.546280216,13,0.764705882,5.430668029,1,0
181,F,20,0.547008074,2,0.1,0.109401615,1,1
182,F,32,0.664667214,15,0.9375,9.346882702,0,0
183,M,22,0.546989534,1,0.058823529,0.032175855,0,0
184,M,28,0.10913717,1,0.058823529,0.006419834,1,1
185,F,29,0.524320241,4,0.235294118,0.493477874,0,1
186,M,22,0.528665049,2,0.133333333,0.140977346,0,0
187,M,20,0.605908735,3,0.15,0.272658931,0,1
188,M,29,0.398362885,6,0.4,0.956070923,0,0
189,F,21,0.944195584,14,0.7,9.253116722,0,1
190,F,19,0.014860003,1,0.055555556,0.000825556,0,1
191,M,32,0.018298581,13,0.65,0.154623012,1,0
192,M,18,0.290200545,8,0.5,1.16080218,1,1
193,F,25,0.851747525,6,0.315789474,1.613837416,0,1
194,M,25,0.826651914,5,0.333333333,1.37775319,0,1
195,F,18,0.987843355,9,0.529411765,4.706783044,0,0
196,F,34,0.236084835,8,0.533333333,1.007295295,0,1
197,F,32,0.238860593,9,0.529411765,1.138100472,1,0
198,M,24,0.577703866,1,0.055555556,0.032094659,1,0
199,F,33,0.897431535,1,0.052631579,0.047233239,0,0
200,F,35,0.870609717,11,0.578947368,5.54440925,1,0
201,F,18,0.914857333,11,0.55,5.534886866,0,0
202,M,30,0.010609281,1,0.0625,0.00066308,0,0
203,M,34,0.705502383,8,0.444444444,2.508452919,1,1
204,F,28,0.905298978,9,0.473684211,3.859432483,0,1
205,F,25,0.463791192,10,0.526315789,2.441006275,0,0
206,F,33,0.155796455,9,0.5625,0.788719553,0,1
207,F,27,0.532219274,2,0.105263158,0.112046163,1,1
208,M,34,0.55774535,7,0.4375,1.708095135,0,0
209,M,26,0.064194327,14,0.736842105,0.662215158,1,1
210,M,28,0.852129338,13,0.866666667,9.600657212,1,1
211,M,23,0.719659884,4,0.222222222,0.639697675,1,0
212,F,28,0.157394775,3,0.176470588,0.083326646,0,0
213,M,31,0.230608373,15,1,3.459125593,1,0
214,M,22,0.492971089,11,0.55,2.982475087,1,0
215,M,33,0.830422385,10,0.555555556,4.613457697,0,0
216,F,33,0.277966625,10,0.526315789,1.462982237,0,0
217,M,19,0.546749084,13,0.8125,5.775037196,0,0
218,F,29,0.979737612,3,0.2,0.587842567,1,1
219,M,19,0.112142111,8,0.421052632,0.377741847,1,1
220,M,22,0.960046208,5,0.333333333,1.600077013,0,1
221,F,20,0.387321136,8,0.5,1.549284545,1,0
222,M,19,0.177263444,11,0.733333333,1.429925118,0,0
223,M,33,0.510604931,12,0.6,3.676355505,1,0
224,F,25,0.711064002,6,0.352941176,1.505782592,0,0
225,M,18,0.983177517,13,0.722222222,9.230944469,0,1
226,M,23,0.643646309,10,0.555555556,3.575812828,0,1
227,F,21,0.129765015,10,0.5,0.648825076,0,1
228,F,35,0.574073269,10,0.5,2.870366343,0,1
229,M,28,0.305716714,15,0.9375,4.299141284,1,0
230,M,20,0.847313258,5,0.277777778,1.17682397,1,1
231,M,35,0.88193383,11,0.647058824,6.277293728,1,1
232,M,33,0.709576934,2,0.1,0.141915387,0,0
233,M,35,0.507699418,4,0.210526316,0.427536352,1,0
234,M,34,0.447428886,13,0.8125,4.725967614,1,1
235,M,33,0.08491348,6,0.333333333,0.16982696,1,0
236,M,32,0.265576154,7,0.4375,0.813326972,0,1
237,F,27,0.671066166,10,0.555555556,3.728145368,1,0
238,M,35,0.231240196,1,0.058823529,0.013602364,1,0
239,F,24,0.191525776,15,0.789473684,2.268068403,0,0
240,F,34,0.669724648,5,0.294117647,0.984889188,0,1
241,M,26,0.715372653,8,0.4,2.289192489,1,0
242,M,18,0.856625051,14,0.933333333,11.19323401,1,1
243,M,18,0.124712974,1,0.0625,0.007794561,0,1
244,F,28,0.193828586,9,0.5625,0.981257216,0,0
245,F,29,0.147594965,7,0.35,0.361607665,1,0
246,F,19,0.099365645,8,0.533333333,0.423960084,0,0
247,F,33,0.818745969,1,0.05,0.040937298,0,0
248,M,25,0.411987763,6,0.315789474,0.780608394,1,1
249,M,27,0.759809072,7,0.368421053,1.959507607,1,0
250,M,21,0.23507636,7,0.368421053,0.606249561,1,1
251,M,19,0.3547912,3,0.1875,0.19957005,1,1
252,F,33,0.004193242,1,0.052631579,0.000220697,1,0
253,F,24,0.191882022,7,0.4375,0.587638693,0,1
254,M,30,0.140639943,13,0.684210526,1.250955286,1,0
255,F,32,0.303324783,6,0.3,0.54598461,1,1
256,M,32,0.253928628,15,0.9375,3.570871333,0,0
257,M,23,0.106951379,3,0.166666667,0.05347569,1,1
258,F,35,0.581050151,12,0.6,4.183561085,0,0
259,M,27,0.064355102,3,0.157894737,0.030483996,1,0
260,F,34,0.626318434,7,0.411764706,1.80527078,1,0
261,F,20,0.887113014,13,0.684210526,7.890636808,0,0
262,M,32,0.785984288,4,0.2,0.628787431,0,1
263,F,34,0.63572775,12,0.75,5.721549752,0,1
264,F,19,0.714990075,10,0.588235294,4.205823968,0,1
265,F,30,0.669228218,6,0.375,1.505763491,1,0
266,M,32,0.107218933,13,0.764705882,1.065882331,0,0
267,M,26,0.465472292,6,0.375,1.047312657,1,1
268,M,32,0.056220327,11,0.578947368,0.358034716,1,0
269,F,34,0.19999473,11,0.611111111,1.344409016,0,0
270,F,28,0.813411757,4,0.210526316,0.684978321,0,0
271,F,27,0.454709908,11,0.6875,3.438743682,0,0
272,M,19,0.268352171,8,0.4,0.858726948,1,0
273,F,35,0.673181463,4,0.235294118,0.633582553,0,0
274,M,24,0.347574326,6,0.4,0.834178383,1,1
275,M,19,0.282747001,8,0.4,0.904790404,0,1
276,F,32,0.140390786,1,0.052631579,0.007388989,1,0
277,F,32,0.781810656,6,0.352941176,1.655599037,0,1
278,F,29,0.78642454,3,0.2,0.471854724,1,1
279,M,23,0.213441368,9,0.529411765,1.016985341,1,1
280,F,28,0.547306666,8,0.5,2.189226666,0,0
281,F,23,0.650388964,13,0.684210526,5.785038681,0,0
282,F,33,0.228067333,3,0.166666667,0.114033666,1,0
283,F,32,0.013208886,7,0.368421053,0.034065021,1,0
284,F,33,0.829825386,15,0.75,9.335535594,1,0
285,M,32,0.553880789,2,0.1,0.110776158,0,1
286,F,24,0.403027346,11,0.647058824,2.868606403,0,0
287,F,24,0.919842296,14,0.736842105,9.488899471,1,1
288,F,25,0.46881412,4,0.25,0.46881412,0,1
289,M,34,0.434795948,2,0.1,0.08695919,1,0
290,F,31,0.390521177,3,0.157894737,0.184983715,1,0
291,F,18,0.033882227,15,0.833333333,0.423527841,0,1
292,M,32,0.716884305,15,1,10.75326458,1,0
293,F,33,0.820774005,7,0.35,2.010896312,0,1
294,F,18,0.14357747,13,0.8125,1.516537025,1,0
295,F,24,0.547407096,3,0.176470588,0.289803757,0,0
296,F,24,0.632494689,7,0.411764706,1.823072927,1,1
297,M,28,0.002173838,2,0.133333333,0.00057969,0,1
298,M,19,0.777717505,8,0.5,3.110870019,1,1
299,F,22,0.842081777,3,0.176470588,0.445808,1,1
300,F,19,0.609874755,14,0.933333333,7.96903013,1,1
301,M,34,0.051270815,5,0.333333333,0.085451359,0,1
302,M,28,0.557031433,8,0.5,2.228125731,0,1
303,M,33,0.504826899,1,0.058823529,0.0296957,1,0
304,M,31,0.532763555,10,0.5,2.663817774,1,1
305,F,18,0.538572786,12,0.8,5.170298741,1,1
306,M,28,0.378003137,15,0.75,4.252535286,1,0
307,F,27,0.235573501,15,0.9375,3.31275236,1,0
308,M,32,0.64433698,1,0.058823529,0.037902175,0,0
309,F,24,0.003617704,11,0.611111111,0.024319009,1,1
310,F,25,0.293001871,11,0.6875,2.215826649,1,0
311,F,19,0.519942723,3,0.15,0.233974225,1,1
312,F,21,0.190732726,11,0.733333333,1.538577321,1,1
313,F,23,0.219323179,12,0.6,1.579126892,0,0
314,M,24,0.293782195,12,0.8,2.820309075,1,1
315,F,25,0.914227226,6,0.375,2.057011258,0,1
316,M,35,0.268962266,1,0.058823529,0.01582131,0,0
317,M,21,0.821847765,3,0.176470588,0.435095876,1,1
318,F,29,0.903037439,13,0.684210526,8.032280383,0,1
319,M,20,0.860361137,9,0.45,3.484462604,0,1
320,M,20,0.750064635,9,0.45,3.037761773,0,1
321,F,26,0.623546831,13,0.722222222,5.854411916,0,0
322,F,33,0.45859597,12,0.6,3.301890983,0,0
323,F,19,0.457271502,4,0.222222222,0.406463557,1,0
324,F,31,0.46326053,3,0.176470588,0.245255575,0,0
325,F,24,0.428136233,1,0.05,0.021406812,0,0
326,F,28,0.213317897,3,0.15,0.095993054,1,1
327,F,33,0.529240413,15,0.789473684,6.267320683,1,0
328,F,20,0.693796326,2,0.105263158,0.146062384,0,0
329,M,26,0.619820602,1,0.05,0.03099103,0,1
330,M,26,0.331112452,5,0.333333333,0.551854087,0,0
331,M,35,0.508222663,8,0.533333333,2.168416698,0,1
332,M,18,0.964753502,2,0.105263158,0.203106,0,0
333,F,20,0.920437087,5,0.333333333,1.534061812,0,0
334,M,35,0.81002569,6,0.4,1.944061657,0,0
335,M,18,0.065648542,14,0.823529412,0.756889073,0,1
336,F,20,0.390095396,13,0.65,3.296306094,1,0
337,M,33,0.408730061,12,0.75,3.67857055,1,1
338,F,22,0.970303684,3,0.166666667,0.485151842,0,0
339,F,20,0.885245013,14,0.823529412,10.20635427,0,0
340,F,23,0.284372771,14,0.875,3.483566444,0,1
341,F,23,0.423285076,1,0.058823529,0.024899122,1,0
342,M,24,0.59164078,3,0.176470588,0.313221589,0,0
343,M,23,0.018038703,13,0.866666667,0.203236052,0,0
344,M,31,0.970086208,2,0.1,0.194017242,1,1
345,F,24,0.306823347,11,0.647058824,2.183860296,1,0
346,M,32,0.303489654,2,0.125,0.075872414,1,1
347,F,28,0.44995196,10,0.5,2.249759801,0,1
348,F,19,0.360975823,4,0.235294118,0.339741951,0,0
349,M,33,0.234457932,4,0.235294118,0.220666289,0,0
350,M,30,0.080453353,5,0.294117647,0.118313755,1,1
351,F,33,0.709300593,12,0.666666667,5.674404742,1,0
352,M,18,0.498027509,8,0.470588235,1.874927092,0,1
353,M,34,0.830810003,4,0.222222222,0.738497781,0,0
354,M,23,0.078361216,3,0.15,0.035262547,1,0
355,F,22,0.467229825,14,0.777777778,5.087613652,1,0
356,M,35,0.796381858,10,0.555555556,4.424343656,0,1
357,M,31,0.993378598,9,0.6,5.36424443,0,1
358,F,22,0.670497808,11,0.55,4.05651174,1,1
359,F,29,0.207437983,7,0.35,0.508223058,1,1
360,F,32,0.433665868,5,0.277777778,0.602313706,0,1
361,M,25,0.777195727,7,0.411764706,2.240152389,0,0
362,M,22,0.122999663,8,0.4,0.39359892,0,0
363,M,28,0.366492806,14,0.736842105,3.780662635,1,0
364,F,26,0.932735486,11,0.733333333,7.524066255,1,0
365,M,27,0.052310605,10,0.5,0.261553023,1,1
366,M,26,0.970204812,7,0.4375,2.971252236,0,0
367,M,33,0.703201845,8,0.470588235,2.647348122,1,0
368,M,21,0.641221552,4,0.235294118,0.603502637,0,1
369,M,19,0.546901592,13,0.866666667,6.161757941,1,0
370,M,24,0.233251629,4,0.222222222,0.207334781,0,1
371,M,25,0.043184657,2,0.105263158,0.009091507,0,1
372,M,35,0.896257005,12,0.631578947,6.792684667,0,1
373,F,32,0.49760466,5,0.263157895,0.654742974,0,0
374,M,21,0.911427073,7,0.388888889,2.481107031,1,1
375,F,24,0.567437547,15,1,8.5115632,0,1
376,M,22,0.964086308,10,0.526315789,5.074138461,1,0
377,F,20,0.006906416,15,0.789473684,0.081786501,1,1
378,F,27,0.756083018,11,0.578947368,4.815055012,0,0
379,F,24,0.800157161,11,0.647058824,5.695236262,1,0
380,F,18,0.048615833,13,0.8125,0.513504738,0,0
381,M,23,0.826131977,15,1,12.39197966,0,0
382,M,28,0.179515347,15,0.882352941,2.375938417,0,0
383,M,27,0.428679368,4,0.25,0.428679368,0,1
384,F,25,0.299899476,1,0.066666667,0.019993298,0,1
385,F,21,0.925349208,11,0.647058824,6.586309067,0,1
386,M,23,0.265833991,3,0.2,0.159500395,0,0
387,F,28,0.990795469,9,0.529411765,4.720849,0,0
388,F,32,0.610146392,3,0.176470588,0.323018678,1,1
389,F,18,0.675363925,9,0.45,2.735223898,0,1
390,M,23,0.611368063,15,0.789473684,7.239884961,1,0
391,M,33,0.429491479,7,0.35,1.052254123,1,0
392,M,21,0.686772463,11,0.647058824,4.888204003,1,0
393,M,27,0.930579023,9,0.45,3.768845043,0,1
394,M,28,0.151444782,10,0.666666667,1.009631881,0,0
395,F,32,0.666573051,1,0.055555556,0.037031836,1,1
396,M,30,0.585320304,8,0.533333333,2.497366631,0,0
397,M,33,0.825939683,11,0.733333333,6.662580106,0,1
398,F,32,0.279311178,8,0.470588235,1.051524435,1,1
399,M,30,0.015741393,3,0.176470588,0.008333679,0,0
400,F,21,0.760002173,5,0.25,0.950002716,0,0
401,F,21,0.201831039,4,0.266666667,0.215286441,0,1
402,F,18,0.581953217,15,0.9375,8.18371711,1,0
403,F,30,0.076371125,12,0.75,0.687340125,1,0
404,M,28,0.580993278,4,0.2,0.464794622,1,0
405,F,21,0.265940131,14,0.736842105,2.7433824,0,0
406,F,21,0.723441115,1,0.05,0.036172056,0,0
407,M,35,0.682496687,9,0.473684211,2.909591141,1,1
408,F,28,0.779956044,10,0.625,4.874725272,1,1
409,M,30,0.720400826,6,0.3,1.296721487,0,1
410,M,26,0.384217182,11,0.578947368,2.446856788,0,0
411,F,19,0.238834986,8,0.4,0.764271956,0,0
412,F,21,0.343050681,10,0.555555556,1.905837115,1,1
413,M,22,0.692467878,15,0.789473684,8.200277498,0,1
414,F,20,0.690118705,13,0.764705882,6.860591828,0,1
415,F,23,0.971813989,9,0.5,4.373162949,0,1
416,M,33,0.749611062,5,0.333333333,1.24935177,0,1
417,F,23,0.783912783,7,0.368421053,2.021669809,0,0
418,F,27,0.518515314,10,0.588235294,3.050090085,0,1
419,M,27,0.753758995,1,0.052631579,0.039671526,1,1
420,F,18,0.786388804,8,0.4,2.516444172,0,1
421,F,21,0.599309295,6,0.315789474,1.135533402,0,1
422,F,28,0.554021584,10,0.625,3.462634898,1,1
423,F,26,0.7511628,4,0.210526316,0.632558147,0,1
424,M,20,0.68442085,7,0.35,1.676831082,1,1
425,F,23,0.388710772,4,0.2,0.310968618,1,1
426,F,21,0.241905128,2,0.133333333,0.064508034,1,1
427,M,31,0.96322921,13,0.866666667,10.85238243,0,0
428,M,27,0.188608186,13,0.65,1.593739167,1,0
429,F,33,0.733096336,8,0.470588235,2.75989209,0,0
430,F,30,0.720686711,10,0.526315789,3.793087953,0,0
431,F,28,0.595185428,4,0.266666667,0.634864457,1,1
432,F,21,0.65430906,15,1,9.814635896,1,0
433,F,25,0.847039887,4,0.235294118,0.797214011,0,0
434,F,19,0.49415823,7,0.368421053,1.274408066,0,0
435,M,23,0.298100239,7,0.388888889,0.811495094,1,1
436,M,20,0.110058226,2,0.105263158,0.023170153,0,1
437,M,29,0.827268826,15,1,12.40903239,1,0
438,M,23,0.132652651,13,0.65,1.120914898,1,1
439,M,21,0.167075201,7,0.35,0.409334243,1,1
440,F,25,0.846319273,4,0.266666667,0.902740558,0,0
441,M,35,0.717235898,12,0.75,6.455123081,0,0
442,F,35,0.88338978,11,0.6875,6.680635214,0,0
443,M,23,0.533184005,1,0.052631579,0.028062316,0,0
444,M,29,0.350221159,10,0.666666667,2.334807728,0,1
445,M,33,0.013537498,15,1,0.203062472,1,0
446,M,28,0.630492574,4,0.266666667,0.672525412,0,0
447,M,35,0.740967416,15,0.833333333,9.262092699,0,1
448,M,23,0.530275234,1,0.052631579,0.027909223,1,0
449,F,32,0.382467396,15,0.789473684,4.529219161,1,0
450,M,18,0.374926697,14,0.736842105,3.867664879,1,1
451,M,29,0.558559944,9,0.529411765,2.66137385,0,1
452,M,19,0.329261374,6,0.4,0.790227299,1,1
453,F,30,0.348149656,1,0.0625,0.021759354,1,1
454,M,18,0.198394411,2,0.105263158,0.041767244,1,0
455,M,25,0.119403321,11,0.55,0.722390091,0,1
456,F,19,0.796706192,12,0.75,7.170355724,0,1
457,M,27,0.437922264,4,0.266666667,0.467117081,1,0
458,M,30,0.829905909,9,0.473684211,3.53801993,1,0
459,F,31,0.483403479,3,0.1875,0.271914457,0,1
460,M,33,0.386165256,4,0.266666667,0.411909607,1,0
461,M,24,0.480740486,8,0.533333333,2.051159407,1,1
462,M,27,0.514808809,14,0.736842105,5.31065929,0,0
463,F,27,0.124254087,5,0.277777778,0.172575121,0,0
464,F,32,0.410856994,5,0.277777778,0.570634715,0,0
465,M,19,0.423922994,15,0.833333333,5.299037425,0,0
466,F,33,0.528565729,10,0.588235294,3.109210168,1,0
467,M,25,0.189077622,6,0.315789474,0.358252337,1,0
468,M,26,0.721797792,12,0.631578947,5.470467478,0,0
469,M,22,0.138142248,9,0.5,0.621640114,1,0
470,M,24,0.359260195,10,0.588235294,2.113295264,0,0
471,F,26,0.963748304,4,0.222222222,0.856665159,0,1
472,F,26,0.641934527,15,0.833333333,8.024181586,1,1
473,F,25,0.17627977,10,0.555555556,0.979332055,1,1
474,F,28,0.685909886,14,0.777777778,7.468796541,1,0
475,F,33,0.136441857,6,0.315789474,0.258521413,1,0
476,F,35,0.641781454,7,0.35,1.572364563,1,1
477,F,26,0.97763558,2,0.133333333,0.260702821,0,0
478,F,25,0.798368672,11,0.611111111,5.36681163,1,0
479,M,23,0.05128107,13,0.684210526,0.45613162,1,0
480,F,25,0.241202325,13,0.722222222,2.264621829,0,1
481,F,18,0.260913921,5,0.3125,0.407678002,1,1
482,M,21,0.879817155,5,0.263157895,1.157654152,1,0
483,F,26,0.802213727,1,0.0625,0.050138358,1,0
484,M,23,0.778477652,13,0.866666667,8.770848214,0,0
485,M,20,0.693097563,8,0.5,2.772390251,1,1
486,M,28,0.258233673,4,0.2,0.206586938,1,0
487,M,22,0.788797351,8,0.5,3.155189405,1,0
488,M,35,0.114573614,11,0.647058824,0.81549455,0,1
489,M,24,0.35249771,7,0.466666667,1.151492518,1,1
490,F,22,0.511511121,13,0.866666667,5.763025297,0,0
491,F,20,0.464256607,4,0.25,0.464256607,1,1
492,F,27,0.351323195,1,0.058823529,0.02066607,1,1
493,M,31,0.019469738,1,0.055555556,0.001081652,1,1
494,F,31,0.661192732,4,0.2,0.528954186,1,1
495,M,35,0.396236573,6,0.333333333,0.792473145,0,0
496,M,35,0.587086933,12,0.8,5.636034554,0,1
497,M,21,0.393716239,10,0.555555556,2.187312439,0,0
498,F,31,0.901112517,8,0.4,2.883560055,1,0
499,M,29,0.95046689,12,0.666666667,7.60373512,0,0
500,F,32,0.953605148,11,0.733333333,7.692414862,1,0
